Name ,URL
Miami Gov Services Directory,https://www.miamigov.com/Services-Directory?dlv_COM%20CL%20Public%20Services%20Listing=(pageindex=1)
311 Service Requests (DataHub),https://gis-mdc.opendata.arcgis.com/datasets/MDC::311-service-requests-miami-dade-county-2020/explore
Twitter 311 Services,https://twitter.com/miamidade311?lang=en
City of Miami Beach,https://www.miamibeachfl.gov/
Flairs 311 Centers,https://flairs.org/311-centers/
South Miami Gov - 304,https://www.southmiamifl.gov/304/Public-Works-Engineering
Miami Lakes ,https://www.miamilakes-fl.gov/index.php?option=com_content&view=article&id=233&Itemid=395
North Miami Beach 311,https://www.citynmb.com/
Great Selections 311 Services,https://www.greatselections.co/web?q=311%20city%20services&o=1672537&rch=ch1&clid=amg-greatselections&ct=13876&campaignid=19888632880&agid=150420163194&adid=652462643741&kwid=kwd-297692435960&akid=1_19888632880_150420163194_kwd-297692435960_g&ueid=53b74485-e209-41ad-8c24-a44cfacda84e&qo=semQuery&ad=semA&ag=fw4&an=google_s
Thrive Mind Crisis Support,https://thrivingmind.org/crisis-support
Broward County,https://www.broward.org/Pages/Welcome.aspx
Key Biscayne,https://keybiscayne.fl.gov/
City of Doral 311,https://www.cityofdoral.com/311-request/
City of Pinecrest,https://www.pinecrest-fl.gov/home
